utt_id,audio_path,language,domain,dataset,reference
samp-hi-01,audio/samp-hi-01.wav,hi,read-speech,sample,"भारत में कृत्रिम बुद्धिमत्ता के उपयोग तेज़ी से बढ़ रहे हैं।"
samp-hi-02,audio/samp-hi-02.wav,hi,read-speech,sample,"सोलापूर के इंजीनियरिंग कॉलेज के विद्यार्थी नए प्रोजेक्ट बना रहे हैं।"
samp-hi-03,audio/samp-hi-03.wav,hi,code-mixed,sample,"मुझे Python सीखना है और फिर मैं इसे deploy करूँगा"
samp-hi-04,audio/samp-hi-04.wav,hi,conversational,sample,"क्या आप बता सकते हैं कि अगली ट्रेन कब आएगी?"
samp-hi-05,audio/samp-hi-05.wav,hi,broadcast,sample,"प्रधानमंत्री ने आज नई योजना की घोषणा की।"
samp-hi-06,audio/samp-hi-06.wav,hi,telephony,sample,"हेलो मैं अपना बिल भुगतान करना चाहता हूँ"
samp-mr-01,audio/samp-mr-01.wav,mr,read-speech,sample,"सोलापूर शहरातील विद्यार्थ्यांसाठी नवीन तंत्रज्ञान उपलब्ध आहे."
samp-mr-02,audio/samp-mr-02.wav,mr,conversational,sample,"उद्या पुण्यात मुसळधार पाऊस पडण्याची शक्यता आहे."
samp-mr-03,audio/samp-mr-03.wav,mr,code-mixed,sample,"मी git वापरून code share करतो आणि review करतो."
samp-mr-04,audio/samp-mr-04.wav,mr,read-speech,sample,"या प्रकल्पाचे नाव आणि उद्दिष्ट खालीदिलेले आहे."
samp-en-01,audio/samp-en-01.wav,en,read-speech,sample,"The model reports word error rate for each Indian language."
samp-en-02,audio/samp-en-02.wav,en,broadcast,sample,"India added record renewable energy capacity this year."
samp-en-03,audio/samp-en-03.wav,en,code-mixed,sample,"Please data export करो और report भेज दो"
samp-en-04,audio/samp-en-04.wav,en,conversational,sample,"Can you repeat that a little more slowly please"
